poem_id,entities,places,topics,religion,mood,category
1,"[""الحبيب""]",[],"[""الحب والغزل"", ""الغيرة والعتاب"", ""التراث النبطي""]",[],"[""غضب"", ""فخر"", ""حزن""]",['معاصر']
2,"[""الذات"", ""الحبيب""]","[""أراضي_إماراتية""]","[""الوفاء والصبر"", ""الفراق والهجر"", ""الحب والغزل""]",[],"[""شوق"", ""حزن"", ""حب""]",['معاصر']
3,"[""الذات"", ""زايد بن سلطان آل نهيان""]","[""أراضي_إماراتية"", ""طبيعة_عامة""]","[""المجد والعز"", ""الوفاء والصبر"", ""الذكريات""]","['المفاهيم_الإيمانية', 'الله']","[""فخر"", ""حنين"", ""حزن""]",['معاصر']
4,"[""اليتيم"", ""الذات"", ""الحبيب""]",[],"[""الوفاء والصبر"", ""الفراق والهجر"", ""الحب والغزل""]",['الله'],"[""غضب"", ""حزن"", ""حب""]",['كلاسيكي']
5,"[""الذات"", ""الحبيب""]","[""طبيعة_عامة""]","[""الفراق والهجر"", ""الحب والغزل"", ""الغيرة والعتاب""]",[],"[""حزن"", ""حب"", ""شوق""]",['معاصر']
6,"[""الذات"", ""الحبيب""]","[""أماكن_مجردة"", ""مواقع_اجتماعية""]","[""الوفاء والصبر"", ""الحب والغزل"", ""الشوق والحنين""]",['الله'],"[""ندم"", ""خوف"", ""شوق""]",['معاصر']
7,"[""المجرب"", ""الذات"", ""الحبيب"", ""يا معرب الانساب""]",[],"[""الحب والغزل"", ""الغيرة والعتاب"", ""التراث النبطي""]",[],"[""غضب"", ""حزن"", ""حب""]",['معاصر']
8,"[""دبي"", ""قصر زعبيل"", ""الذات"", ""الحزن""]","[""طبيعة_عامة"", ""مواقع_نبطية""]","[""الوفاء والصبر"", ""المجد والعز"", ""الذكريات""]","['المفاهيم_الإيمانية', 'الله']","[""فخر"", ""حنين"", ""حزن""]",['معاصر']
9,"[""الذات"", ""الحبيب""]","[""مواقع_نبطية"", ""أراضي_إماراتية""]","[""الوفاء والصبر"", ""الفراق والهجر"", ""الحب والغزل""]",[],"[""غضب"", ""شوق"", ""حزن""]",['معاصر']
10,"[""محمد بن راشد آل مكتوم"", ""خليفة بن زايد آل نهيان"", ""الذات"", ""محمد بن زايد آل نهيان""]","[""طبيعة_عامة"", ""أراضي_إماراتية""]","[""الفخر والشجاعة"", ""المجد والعز"", ""الذكريات""]","['الكتب_المقدسة', 'المناسبات_الدينية', 'الله']","[""أمل"", ""فخر"", ""حنين""]",['معاصر']
11,"[""الذات"", ""الحبيب""]","[""مواقع_نبطية""]","[""الوفاء والصبر"", ""الفراق والهجر"", ""الحب والغزل""]",['الله'],"[""شوق"", ""حزن"", ""حب""]",['معاصر']
12,"[""الذات"", ""الحبيب""]",[],"[""الوفاء والصبر"", ""الفراق والهجر"", ""الحب والغزل""]",[],"[""حزن"", ""حكمة"", ""أمل""]",['معاصر']
13,"[""محمد بن راشد آل مكتوم"", ""الذات"", ""زايد بن سلطان آل نهيان""]","[""أراضي_إماراتية"", ""طبيعة_عامة""]","[""الفخر والشجاعة"", ""المجد والعز"", ""الوفاء والصبر""]","['الأماكن_المقدسة', 'الله']","[""فخر"", ""حنين"", ""حزن""]",['معاصر']
14,"[""المدحوح"", ""الذات"", ""الصديق""]","[""أراضي_إماراتية"", ""طبيعة_عامة""]","[""الفخر والشجاعة"", ""المجد والعز"", ""الوفاء والصبر""]","['المفاهيم_الإيمانية', 'الله']","[""فخر"", ""حزن"", ""حكمة""]",['معاصر']
15,"[""الرفيق"", ""محمد بن راشد آل مكتوم"", ""الذات"", ""الصديق""]","[""طبيعة_عامة"", ""مواقع_نبطية""]","[""المجد والعز"", ""الوفاء والصبر"", ""الذكريات""]",['المفاهيم_الإيمانية'],"[""فخر"", ""حزن"", ""حب""]",['معاصر']
16,"[""الريس"", ""الذات"", ""يابن ادم""]","[""أراضي_إماراتية"", ""طبيعة_عامة""]","[""المجد والعز"", ""الوفاء والصبر"", ""الزمن والقدر""]","['العبادة', 'الله']","[""غضب"", ""فخر"", ""حزن""]","['معاصر', 'حديث']"
17,"[""الذات"", ""الحبيب""]","[""مواقع_نبطية""]","[""الفخر والشجاعة"", ""الوفاء والصبر"", ""الذكريات""]",[],"[""شوق"", ""حزن"", ""حب""]",['معاصر']
18,"[""الذات"", ""الحبيب""]",[],"[""الذكريات"", ""الفراق والهجر"", ""الزمن والقدر""]",['المفاهيم_الإيمانية'],"[""حكمة"", ""حب""]",['معاصر']
19,"[""الذات"", ""الحبيب""]","[""مواقع_دينية"", ""طبيعة_عامة""]","[""الوفاء والصبر"", ""الذكريات"", ""الفراق والهجر""]","['الأماكن_المقدسة', 'العبادة', 'الأنبياء', 'الله']","[""حنين"", ""حزن"", ""حب""]",['معاصر']
20,"[""محمد بن راشد آل مكتوم"", ""الذات"", ""حمدان بن محمد بن راشد آل مكتوم"", ""الحبيب"", ""العاشق الولهان""]","[""مواقع_نبطية""]","[""الوفاء والصبر"", ""الذكريات"", ""الفراق والهجر""]","['المفاهيم_الإيمانية', 'الله']","[""غضب"", ""حنين"", ""حزن""]",['معاصر']
21,"[""الذات"", ""الحبيب""]","[""أماكن_مجردة""]","[""الفراق والهجر"", ""الحب والغزل"", ""الغيرة والعتاب""]","['المفاهيم_الإيمانية', 'الله']","[""حزن"", ""غيرة"", ""حب""]",['معاصر']
22,"[""حمدان بن محمد بن راشد آل مكتوم""]","[""طبيعة_عامة"", ""أراضي_إماراتية""]","[""الوفاء والصبر"", ""الزمن والقدر"", ""الإيمان والدعاء""]","['المفاهيم_الإيمانية', 'الله']","[""حكمة"", ""ندم"", ""حزن""]",['معاصر']
23,"[""راشد بن سعيد آل مكتوم"", ""محمد بن راشد آل مكتوم"", ""الذات"", ""محمد بن زايد آل نهيان"", ""قابوس بن سعيد آل سعيد"", ""خليفة بن زايد آل نهيان"", ""زايد بن سلطان آل نهيان""]","[""مواقع_نبطية"", ""مواقع_دينية""]","[""الفخر والشجاعة"", ""المجد والعز"", ""الوفاء والصبر""]","['المفاهيم_الإيمانية', 'الأماكن_المقدسة', 'العبادة', 'الله']","[""غضب"", ""فخر"", ""حنين""]",['معاصر']
24,"[""محمد بن راشد آل مكتوم""]","[""طبيعة_عامة"", ""أماكن_مجردة""]","[""الفخر والشجاعة"", ""الوفاء والصبر"", ""المجد والعز""]",[],"[""فخر"", ""حب"", ""حكمة""]","['معاصر', 'حديث']"
25,"[""الذات"", ""الحبيب""]",[],"[""الوفاء والصبر"", ""الفراق والهجر"", ""الزمن والقدر""]",[],"[""حزن"", ""حب"", ""خوف""]",['معاصر']
26,"[""حمدان بن محمد بن راشد آل مكتوم""]","[""أماكن_مجردة""]","[""الذكريات"", ""الفراق والهجر"", ""الحب والغزل""]",['الله'],"[""شوق"", ""حنين"", ""حزن""]",['معاصر']
27,"[""الذات"", ""الحبيب""]",[],"[""الوفاء والصبر"", ""الفراق والهجر"", ""الحب والغزل""]",[],"[""حزن"", ""حب""]",['كلاسيكي']
28,"[""الذات"", ""الحبيب""]","[""مواقع_نبطية""]","[""الوفاء والصبر"", ""الفراق والهجر"", ""الحب والغزل""]",[],"[""شوق"", ""حزن"", ""حب""]",['معاصر']
29,"[""عزام"", ""الذات"", ""حمدان بن محمد بن راشد آل مكتوم""]","[""طبيعة_عامة"", ""أماكن_مجردة""]","[""الوفاء والصبر"", ""الذكريات"", ""الحب والغزل""]",['الله'],"[""حب""]",['معاصر']
30,"[""حمدان بن محمد بن راشد آل مكتوم""]",[],"[""الذكريات"", ""الحب والغزل"", ""الجمال والعيون""]",['الله'],"[""غضب"", ""فخر"", ""حزن""]",['معاصر']
31,"[""الذات"", ""الحبيب""]","[""أراضي_إماراتية""]","[""الحب والغزل"", ""الشوق والحنين"", ""الوفاء والصبر""]",[],"[""شوق"", ""فرح"", ""حب""]",['معاصر']
32,"[""عبد المجيد"", ""الذات"", ""راشد بن حمدان بن محمد آل مكتوم"", ""موسى محمد"", ""فايز سعيد""]","[""مواقع_دينية"", ""مدن_وأماكن_عربية""]","[""الحب والغزل"", ""القيادة والزعماء"", ""الشعر والإبداع""]","['المفاهيم_الإيمانية', 'الأنبياء', 'الله']","[""فخر"", ""حزن"", ""حب""]","['معاصر', 'حديث']"
33,"[""الذات"", ""الحبيب""]","[""أراضي_إماراتية""]","[""الوفاء والصبر"", ""الحب والغزل"", ""الغيرة والعتاب""]",[],"[""حب""]",['معاصر']
34,"[""الذات"", ""الحبيب""]","[""أماكن_مجردة""]","[""الفراق والهجر"", ""الحب والغزل"", ""التراث النبطي""]",[],"[""شوق"", ""حزن""]",['كلاسيكي']
35,"[""الحضور"", ""الذات""]",[],"[""الذكريات"", ""الشعر والإبداع"", ""الشوق والحنين""]",[],"[""ندم"", ""فخر"", ""تأمل""]",['حديث']
36,"[""فيروز"", ""خليجي"", ""الذات"", ""الحبيب""]","[""أماكن_مجردة"", ""مواقع_دينية""]","[""المجد والعز"", ""الوفاء والصبر"", ""الفراق والهجر""]","['الكتب_المقدسة', 'العبادة', 'الله', 'المفاهيم_الإيمانية', 'الأماكن_المقدسة', 'الأنبياء']","[""غضب"", ""فخر"", ""حزن""]","['معاصر', 'حديث']"
37,"[""الذات"", ""اعمار""]","[""مواقع_نبطية"", ""مواقع_دينية""]","[""الفخر والشجاعة"", ""المجد والعز"", ""الحب والغزل""]","['الأماكن_المقدسة', 'الأنبياء', 'المفاهيم_الإيمانية', 'الله']","[""فخر"", ""حب"", ""أمل""]",['معاصر']
38,"[""الذات"", ""الحبيب""]",[],"[""الوفاء والصبر"", ""الذكريات"", ""الفراق والهجر""]",[],"[""شوق"", ""حنين"", ""حب""]",['معاصر']
39,"[""الذات"", ""الحبيب""]","[""مواقع_اجتماعية""]","[""الحب والغزل"", ""الجمال والعيون"", ""الشوق والحنين""]",[],"[""شوق"", ""فرح"", ""حب""]",['معاصر']
40,"[""الذات"", ""الحبيب""]","[""مواقع_نبطية""]","[""الوفاء والصبر"", ""الحب والغزل"", ""الغيرة والعتاب""]",[],"[""فخر"", ""شوق"", ""حزن""]",['معاصر']
41,"[""براءه"", ""الذات"", ""الحبيب""]","[""أماكن_مجردة"", ""مواقع_اجتماعية""]","[""الفراق والهجر"", ""الحب والغزل"", ""الغيرة والعتاب""]",[],"[""حكمة"", ""ندم"", ""شوق""]",['معاصر']
42,"[""محمد بن راشد آل مكتوم"", ""الذات"", ""زايد بن سلطان آل نهيان"", ""محمد بن زايد آل نهيان""]","[""أماكن_مجردة""]","[""الفخر والشجاعة"", ""المجد والعز"", ""التراث النبطي""]",[],"[""حكمة"", ""أمل"", ""فخر""]",['معاصر']
43,"[""الذات"", ""الحبيب""]","[""أماكن_مجردة""]","[""الوفاء والصبر"", ""الفراق والهجر"", ""الحب والغزل""]",['الله'],"[""غضب"", ""فخر"", ""حزن""]",['معاصر']
44,"[""محمد بن زايد آل نهيان""]","[""أراضي_إماراتية"", ""مواقع_نبطية""]","[""المجد والعز"", ""الوفاء والصبر"", ""التراث النبطي""]",[],"[""أمل"", ""فخر"", ""فرح""]",['معاصر']
45,"[""الذات"", ""الحبيب""]","[""أراضي_إماراتية""]","[""الوفاء والصبر"", ""الحب والغزل"", ""الشعر والإبداع""]",['الله'],"[""حزن"", ""حب"", ""أمل""]",['معاصر']
46,"[""الذات"", ""الحبيب""]","[""طبيعة_عامة"", ""أماكن_مجردة""]","[""الفخر والشجاعة"", ""المجد والعز"", ""الشعر والإبداع""]",[],"[""فخر""]",['حديث']
47,"[""الذات"", ""الحبيب""]",[],"[""الوفاء والصبر"", ""الحب والغزل"", ""الشعر والإبداع""]",[],"[""فرح"", ""حب""]",['معاصر']
48,"[""حمدان بن محمد بن راشد آل مكتوم""]","[""أراضي_إماراتية"", ""أماكن_مجردة""]","[""الفخر والشجاعة"", ""الإيمان والدعاء"", ""الشعر والإبداع""]",[],"[""حكمة"", ""فخر"", ""حزن""]",['معاصر']
49,"[""الذات"", ""الحبيب""]","[""مواقع_نبطية""]","[""الفخر والشجاعة"", ""الوفاء والصبر"", ""الحب والغزل""]",[],"[""صبر"", ""حزن"", ""حنين""]",['معاصر']
50,"[""العاشق الشاقي"", ""الذات"", ""الحبيب""]","[""طبيعة_عامة""]","[""الحب والغزل"", ""الشوق والحنين"", ""الفراق والهجر""]",[],"[""شوق"", ""حزن""]",['معاصر']
51,"[""الذات"", ""الحبيب""]","[""أراضي_إماراتية""]","[""الفراق والهجر"", ""الحب والغزل"", ""الشعر والإبداع""]",['الأنبياء'],"[""فخر"", ""شوق"", ""حزن""]",['معاصر']
52,"[""الذات"", ""الحبيب""]","[""أماكن_مجردة""]","[""الوفاء والصبر"", ""الذكريات"", ""الفراق والهجر""]","['المفاهيم_الإيمانية', 'الأنبياء', 'الله']","[""حنين"", ""حزن"", ""حب""]",['معاصر']
53,"[""الذات"", ""الحبيب""]","[""مواقع_نبطية""]","[""الوفاء والصبر"", ""الحب والغزل"", ""الغيرة والعتاب""]",[],"[""شوق"", ""حب""]",['كلاسيكي']
54,"[""علي"", ""بني علي"", ""الذات""]","[""أماكن_مجردة""]","[""الفخر والشجاعة"", ""الوفاء والصبر"", ""المجد والعز""]",['الله'],"[""أمل"", ""صبر"", ""فخر""]",['معاصر']
55,"[""الذات"", ""الحبيب"", ""الحبايب""]","[""طبيعة_عامة""]","[""الفخر والشجاعة"", ""الوفاء والصبر"", ""الفراق والهجر""]","['المفاهيم_الإيمانية', 'الله']","[""فخر"", ""حزن"", ""حب""]",['معاصر']
56,"[""الذات"", ""الحبيب""]","[""مواقع_نبطية"", ""أماكن_مجردة""]","[""الوفاء والصبر"", ""المجد والعز"", ""الفراق والهجر""]",[],"[""غضب"", ""فخر"", ""حب""]",['معاصر']
57,"[""الذات"", ""رفيق"", ""السمو""]",[],"[""الوفاء والصبر"", ""المجد والعز"", ""الغيرة والعتاب""]","['المفاهيم_الإيمانية', 'الله']","[""فخر"", ""حزن"", ""حكمة""]",['حديث']
58,"[""محمد بن راشد آل مكتوم""]","[""طبيعة_عامة"", ""مواقع_نبطية""]","[""المجد والعز"", ""الوفاء والصبر"", ""الإمارات ودبي""]","['المفاهيم_الإيمانية', 'الأماكن_المقدسة', 'المناسبات_الدينية', 'الله']","[""أمل"", ""فخر"", ""حب""]",['معاصر']
59,"[""خليفة"", ""رجال الطموح"", ""الذات"", ""الحبيب""]","[""طبيعة_عامة"", ""أماكن_مجردة""]","[""الفخر والشجاعة"", ""المجد والعز"", ""الوفاء والصبر""]","['المفاهيم_الإيمانية', 'المناسبات_الدينية', 'الله']","[""فخر"", ""حكمة"", ""خوف""]",['معاصر']
60,"[""الذات"", ""الحبيب""]","[""أماكن_مجردة""]","[""الوفاء والصبر"", ""الذكريات"", ""الفراق والهجر""]",['الله'],"[""شوق"", ""حزن"", ""تأمل""]",['معاصر']
61,"[""الذات"", ""الحبيب""]","[""مواقع_دينية""]","[""الوفاء والصبر"", ""الفراق والهجر"", ""الحب والغزل""]",[],"[""حزن"", ""حب"", ""حكمة""]",['معاصر']
62,"[""الذات"", ""الحبيب""]","[""مواقع_نبطية"", ""أماكن_مجردة""]","[""الذكريات"", ""الحب والغزل"", ""الطبيعة والخيل""]",[],"[""شوق"", ""حب""]",['معاصر']
63,"[""الذات"", ""الحبيب""]","[""مواقع_نبطية"", ""أماكن_مجردة""]","[""الوفاء والصبر"", ""الذكريات"", ""الفراق والهجر""]",[],"[""غضب"", ""حنين"", ""حزن""]",['معاصر']
64,"[""الذات"", ""الحبيب""]","[""أماكن_مجردة"", ""مدن_وأماكن_عربية""]","[""الوفاء والصبر"", ""الفراق والهجر"", ""الحب والغزل""]",['الله'],"[""فخر"", ""حزن"", ""حب""]","['معاصر', 'كلاسيكي']"
65,"[""الذات"", ""الحبيب""]","[""أماكن_مجردة""]","[""الوفاء والصبر"", ""الفراق والهجر"", ""الحب والغزل""]",[],"[""صبر"", ""حزن"", ""حب""]",['معاصر']
66,"[""عيال حكام"", ""حكام"", ""الذات""]","[""أراضي_إماراتية"", ""طبيعة_عامة""]","[""الفخر والشجاعة"", ""الوفاء والصبر"", ""المجد والعز""]","['العبادة', 'الله']","[""فخر"", ""حزن"", ""حكمة""]",['معاصر']
67,"[""الذات"", ""الحبيب""]","[""أماكن_مجردة""]","[""الوفاء والصبر"", ""الفراق والهجر"", ""الحب والغزل""]",[],"[""حزن"", ""حب""]",['معاصر']
68,"[""الذات"", ""الحبيب""]","[""أماكن_مجردة""]","[""الوفاء والصبر"", ""الذكريات"", ""الفراق والهجر""]",['الله'],"[""شوق"", ""حنين"", ""حزن""]",['معاصر']
69,"[""الذات""]","[""مواقع_نبطية"", ""أماكن_مجردة""]","[""الوفاء والصبر"", ""الشعر والإبداع"", ""الشوق والحنين""]",[],[],['معاصر']
70,"[""الذات"", ""الحبيب""]","[""طبيعة_عامة"", ""مواقع_نبطية""]","[""الوفاء والصبر"", ""الفراق والهجر"", ""الحب والغزل""]",[],"[""شوق"", ""حزن"", ""حب""]",['معاصر']
71,"[""الذات"", ""الحبيب""]","[""أماكن_مجردة"", ""معالم_إماراتية""]","[""الوفاء والصبر"", ""الفراق والهجر"", ""الزمن والقدر""]",['الله'],"[""غضب"", ""حزن"", ""حب""]",['معاصر']
72,"[""هارون"", ""صاحبي"", ""الذات"", ""الحبيب""]","[""مواقع_دينية"", ""مدن_وأماكن_عربية""]","[""الوفاء والصبر"", ""الحب والغزل"", ""الغيرة والعتاب""]","['المفاهيم_الإيمانية', 'الأماكن_المقدسة']","[""حكمة"", ""شوق"", ""حزن""]",['معاصر']
73,"[""الذات"", ""الحبيب""]","[""مواقع_دينية""]","[""المجد والعز"", ""الوفاء والصبر"", ""الذكريات""]","['الأماكن_المقدسة', 'العبادة', 'الله']","[""فخر"", ""شوق"", ""حزن""]",['معاصر']
74,"[""محمد بن راشد آل مكتوم"", ""الذات""]","[""مواقع_نبطية"", ""أماكن_مجردة""]","[""الفخر والشجاعة"", ""الوفاء والصبر"", ""الحب والغزل""]",[],"[""غضب"", ""فخر"", ""حب""]","['معاصر', 'كلاسيكي']"
75,"[""الذات""]","[""أماكن_مجردة""]","[""المجد والعز"", ""الوفاء والصبر"", ""الزمن والقدر""]","['المفاهيم_الإيمانية', 'العبادة', 'الله']","[""فخر"", ""حزن"", ""حب""]",['معاصر']
76,"[""الذات"", ""الحبيب""]","[""أماكن_مجردة""]","[""الفخر والشجاعة"", ""المجد والعز"", ""الوفاء والصبر""]",[],"[""حزن"", ""حب"", ""خوف""]",['معاصر']
77,"[""الذات"", ""الحبيب""]","[""طبيعة_عامة"", ""أراضي_إماراتية""]","[""الوفاء والصبر"", ""الذكريات"", ""الفراق والهجر""]",[],"[""غضب"", ""حزن"", ""حنين""]",['معاصر']
78,"[""الذات"", ""الحبيب""]","[""أراضي_إماراتية"", ""طبيعة_عامة""]","[""الفخر والشجاعة"", ""الوفاء والصبر"", ""الذكريات""]",['الله'],"[""غضب"", ""حكمة"", ""فخر""]","['معاصر', 'حديث']"
79,"[""محمد بن راشد آل مكتوم"", ""الذات"", ""الحبيب""]","[""طبيعة_عامة"", ""أراضي_إماراتية""]","[""الذكريات"", ""الحب والغزل"", ""الغيرة والعتاب""]",['الأنبياء'],"[""حزن"", ""حب""]",['معاصر']
80,"[""الذات"", ""الحبيب""]",[],"[""الوفاء والصبر"", ""الحب والغزل"", ""الشعر والإبداع""]",[],"[""فرح"", ""حب""]",['معاصر']
81,"[""الذات"", ""الحبيب""]","[""مواقع_نبطية"", ""طبيعة_عامة""]","[""الفراق والهجر"", ""الحب والغزل"", ""الشعر والإبداع""]","['العبادة', 'الله']","[""ندم"", ""شوق"", ""حزن""]",['معاصر']
82,"[""حمدان بن محمد بن راشد آل مكتوم"", ""زايد بن سلطان آل نهيان"", ""محمد بن زايد آل نهيان""]","[""طبيعة_عامة""]","[""الفخر والشجاعة"", ""المجد والعز"", ""الوفاء والصبر""]","['العبادة', 'الله']","[""أمل"", ""فخر"", ""حب""]",['معاصر']
83,"[""الذات"", ""الحبيب""]","[""مواقع_نبطية"", ""أماكن_مجردة""]","[""الحب والغزل"", ""الجمال والعيون"", ""الشوق والحنين""]",[],"[""حب""]",['معاصر']
84,"[""الذات"", ""الحبيب""]","[""أراضي_إماراتية""]","[""الوفاء والصبر"", ""الحب والغزل"", ""الشوق والحنين""]",[],"[""أمل"", ""فرح"", ""حب""]",['معاصر']
85,"[""الذات""]","[""مواقع_نبطية"", ""طبيعة_عامة""]","[""الفخر والشجاعة"", ""الوفاء والصبر"", ""الزمن والقدر""]",['الكتب_المقدسة'],"[""غضب"", ""حكمة"", ""أمل""]",['معاصر']
86,"[""هنوف"", ""محمد بن راشد آل مكتوم"", ""الذات"", ""الحبيب""]","[""مواقع_نبطية"", ""أراضي_إماراتية""]","[""الفخر والشجاعة"", ""المجد والعز"", ""الوفاء والصبر""]",[],"[""فخر"", ""حزن"", ""حب""]",['معاصر']
87,"[""محمد بن راشد آل مكتوم"", ""الذات"", ""حمدان بن محمد بن راشد آل مكتوم"", ""محمد بن زايد آل نهيان""]","[""معالم_إماراتية"", ""أماكن_مجردة""]","[""المجد والعز"", ""الإمارات ودبي"", ""التراث النبطي""]","['المناسبات_الدينية', 'العبادة', 'الله', 'المفاهيم_الإيمانية', 'الأنبياء']","[""فخر"", ""حب"", ""حكمة""]","['معاصر', 'كلاسيكي']"
88,"[""الذات"", ""الحبيب""]","[""أماكن_مجردة""]","[""الوفاء والصبر"", ""الذكريات"", ""الفراق والهجر""]",[],"[""فخر"", ""حنين"", ""حزن""]",['معاصر']
89,"[""الذات"", ""الحبيب""]","[""مواقع_نبطية"", ""أماكن_مجردة""]","[""الوفاء والصبر"", ""الذكريات"", ""الفراق والهجر""]",[],"[""غضب"", ""شوق"", ""حزن""]",['معاصر']
90,"[""الذات"", ""راشد بن حمدان بن محمد آل مكتوم""]","[""أراضي_إماراتية"", ""طبيعة_عامة""]","[""المجد والعز"", ""الوفاء والصبر"", ""الفراق والهجر""]",[],"[""فخر"", ""حزن"", ""حب""]",['معاصر']
91,"[""الذات"", ""حمدان بن محمد بن راشد آل مكتوم"", ""حصة""]","[""أراضي_إماراتية""]","[""الوفاء والصبر"", ""الإمارات ودبي"", ""الحب والغزل""]",['المفاهيم_الإيمانية'],"[""صبر"", ""فخر"", ""فرح""]",['معاصر']
92,"[""محمد بن راشد آل مكتوم"", ""الذات""]","[""طبيعة_عامة"", ""أراضي_إماراتية""]","[""المجد والعز"", ""الوفاء والصبر"", ""الذكريات""]",['الله'],"[""فخر"", ""حزن"", ""حب""]",['معاصر']
93,"[""الذات"", ""الحبيب""]","[""أراضي_إماراتية""]","[""الوفاء والصبر"", ""الحب والغزل"", ""الغيرة والعتاب""]",['الله'],"[""غضب"", ""حزن"", ""حب""]",['معاصر']
94,"[""الذات"", ""الحبيب""]","[""أراضي_إماراتية"", ""أماكن_مجردة""]","[""الوفاء والصبر"", ""الفراق والهجر"", ""الحب والغزل""]",['العبادة'],"[""غضب"", ""شوق"", ""حزن""]",['معاصر']
95,"[""حمدان بن محمد بن راشد آل مكتوم"", ""الذات"", ""الحبيب""]",[],"[""الوفاء والصبر"", ""الفراق والهجر"", ""الحب والغزل""]",['العبادة'],"[""حكمة"", ""حزن"", ""حب""]",['معاصر']
96,"[""الذات"", ""الحبيب""]","[""أماكن_مجردة""]","[""الوفاء والصبر"", ""الحب والغزل"", ""الغيرة والعتاب""]","['المفاهيم_الإيمانية', 'الله']","[""غضب"", ""حكمة"", ""حزن""]",['معاصر']
97,"[""الذات"", ""الحبيب""]","[""طبيعة_عامة""]","[""الوفاء والصبر"", ""الذكريات"", ""الفراق والهجر""]",[],"[""صبر"", ""حب"", ""حزن""]",['معاصر']
98,"[""الذات"", ""الحبيب"", ""الآخرون""]","[""مواقع_نبطية"", ""طبيعة_عامة""]","[""الفخر والشجاعة"", ""المجد والعز"", ""الوفاء والصبر""]",[],"[""غضب"", ""فخر"", ""حزن""]",['معاصر']
99,"[""الذات"", ""الاجانب""]","[""طبيعة_عامة"", ""أراضي_إماراتية""]","[""الوفاء والصبر"", ""الزمن والقدر"", ""الشعر والإبداع""]",[],"[""حكمة"", ""خوف""]",['حديث']
100,"[""الذات"", ""الحبيب""]","[""أماكن_مجردة""]","[""الوفاء والصبر"", ""المجد والعز"", ""الذكريات""]",['الله'],"[""شوق"", ""حب""]",['معاصر']
101,"[""الذات"", ""الحبيب""]","[""أماكن_مجردة"", ""مواقع_نبطية""]","[""الوفاء والصبر"", ""الفراق والهجر"", ""الحب والغزل""]",['الله'],"[""حزن"", ""حب"", ""أمل""]",['معاصر']
102,"[""الذات"", ""الحبيب""]","[""طبيعة_عامة"", ""مواقع_نبطية""]","[""المجد والعز"", ""الوفاء والصبر"", ""الحب والغزل""]","['العبادة', 'الله']","[""غضب"", ""فخر"", ""حزن""]",['معاصر']
103,"[""هند بنت مكتوم بن جمعة آل مكتوم"", ""حمدان بن محمد بن راشد آل مكتوم"", ""الذات"", ""الحبيب""]","[""أراضي_إماراتية"", ""أماكن_مجردة""]","[""المجد والعز"", ""الوفاء والصبر"", ""الذكريات""]",['الله'],"[""غضب"", ""فخر"", ""حزن""]",['معاصر']
104,"[""الذات"", ""الحبيب""]","[""طبيعة_عامة"", ""مواقع_نبطية""]","[""الوفاء والصبر"", ""المجد والعز"", ""الذكريات""]",[],"[""حكمة"", ""فخر"", ""حزن""]",['معاصر']
105,"[""الذات"", ""الحبيب"", ""ذيب عوي"", ""محمد بن زايد آل نهيان""]","[""مواقع_نبطية"", ""أماكن_مجردة""]","[""الوفاء والصبر"", ""المجد والعز"", ""الذكريات""]","['الكتب_المقدسة', 'المفاهيم_الإيمانية', 'المناسبات_الدينية', 'الله']","[""فخر"", ""حنين"", ""حزن""]","['معاصر', 'كلاسيكي']"
106,"[""الذات"", ""راشد بن حمدان بن محمد آل مكتوم""]","[""مواقع_نبطية"", ""أماكن_مجردة""]","[""الفخر والشجاعة"", ""المجد والعز"", ""الوفاء والصبر""]","['المفاهيم_الإيمانية', 'الله']","[""غضب"", ""فخر"", ""حب""]",['معاصر']
107,"[""هند بنت مكتوم بن جمعة آل مكتوم""]","[""أراضي_إماراتية"", ""طبيعة_عامة""]","[""الوفاء والصبر"", ""الذكريات"", ""الإمارات ودبي""]",['الله'],"[""أمل"", ""شوق"", ""حنين""]",['معاصر']
108,"[""الذات"", ""زايد بن سلطان آل نهيان""]","[""أراضي_إماراتية"", ""طبيعة_عامة""]","[""الإمارات ودبي"", ""القيادة والزعماء"", ""المجد والعز""]",[],"[""حكمة"", ""فخر"", ""فرح""]",['معاصر']
109,"[""عنود"", ""الذات"", ""الحبيب"", ""فزاع""]","[""أماكن_مجردة""]","[""الحب والغزل"", ""الغيرة والعتاب"", ""القيادة والزعماء""]",[],"[""صبر"", ""حزن"", ""حب""]",['معاصر']
110,"[""الذات"", ""الحبيب""]",[],"[""الفراق والهجر"", ""الحب والغزل"", ""الشوق والحنين""]",['الله'],"[""فخر"", ""حزن"", ""فرح""]",['معاصر']
111,"[""محمد بن راشد آل مكتوم"", ""راشد بن حمدان بن محمد آل مكتوم"", ""مكتوم بن محمد بن راشد آل مكتوم""]","[""أماكن_مجردة"", ""أراضي_إماراتية""]","[""الفخر والشجاعة"", ""المجد والعز"", ""الوفاء والصبر""]","['العبادة', 'الأنبياء', 'الله']","[""فخر"", ""حب"", ""حكمة""]",['معاصر']
112,"[""الذات"", ""حمدان بن محمد بن راشد آل مكتوم"", ""راشد بن حمدان بن محمد آل مكتوم""]","[""أماكن_مجردة"", ""مواقع_نبطية""]","[""الفخر والشجاعة"", ""المجد والعز"", ""الوفاء والصبر""]",['الله'],"[""فخر"", ""حب"", ""حكمة""]",['معاصر']
113,"[""الذات""]","[""أماكن_مجردة""]","[""الوفاء والصبر"", ""الشعر والإبداع"", ""الزمن والقدر""]",[],"[""حكمة"", ""صبر"", ""حزن""]",['حديث']
114,"[""حمدان بن محمد بن راشد آل مكتوم""]","[""مواقع_نبطية""]","[""الفخر والشجاعة"", ""المجد والعز"", ""الوفاء والصبر""]",['الله'],"[""أمل"", ""فخر""]",['معاصر']
115,"[""الذات"", ""الحبيب""]","[""أراضي_إماراتية"", ""مدن_وأماكن_عربية""]","[""المجد والعز"", ""الفراق والهجر"", ""الحب والغزل""]",[],"[""شوق"", ""حب""]",['حديث']
116,"[""الذات"", ""الحبيب""]","[""مواقع_اجتماعية""]","[""الحب والغزل"", ""الغيرة والعتاب"", ""الشعر والإبداع""]",['الله'],"[""شوق"", ""حب""]",['معاصر']
117,"[""محمد بن راشد آل مكتوم"", ""الذات""]","[""أماكن_مجردة""]","[""الفخر والشجاعة"", ""المجد والعز"", ""الوفاء والصبر""]",['الله'],"[""أمل"", ""صبر"", ""فخر""]",['معاصر']
118,"[""الذات"", ""الحبيب""]","[""أماكن_مجردة""]","[""الوفاء والصبر"", ""الذكريات"", ""الفراق والهجر""]",[],"[""حزن"", ""حب""]",['معاصر']
119,"[""الذات"", ""الحبيب""]","[""أراضي_إماراتية"", ""أماكن_مجردة""]","[""الوفاء والصبر"", ""الفراق والهجر"", ""الحب والغزل""]",[],"[""شوق"", ""حزن"", ""حب""]",['معاصر']
120,"[""الذات"", ""الحبيب""]","[""مواقع_نبطية"", ""أماكن_مجردة""]","[""الوفاء والصبر"", ""الفراق والهجر"", ""الحب والغزل""]",[],"[""ندم"", ""شوق"", ""حزن""]",['معاصر']
121,"[""شيخة بنت حمدان بن محمد آل مكتوم"", ""الذات""]","[""أراضي_إماراتية"", ""طبيعة_عامة""]","[""المجد والعز"", ""الحب والغزل"", ""الشعر والإبداع""]",[],"[""فخر"", ""فرح"", ""حب""]",['حديث']
122,"[""الذات"", ""الحبيب""]","[""أماكن_مجردة"", ""طبيعة_عامة""]","[""الوفاء والصبر"", ""الفراق والهجر"", ""الحب والغزل""]",['الله'],"[""شوق"", ""حزن"", ""حب""]",['معاصر']
123,"[""الذات"", ""الحبيب""]","[""أراضي_إماراتية"", ""أماكن_مجردة""]","[""الوفاء والصبر"", ""الفراق والهجر"", ""الحب والغزل""]",[],"[""شوق"", ""حزن"", ""حب""]",['معاصر']
124,"[""الذات"", ""الحبيب""]",[],"[""الوفاء والصبر"", ""المجد والعز"", ""الفراق والهجر""]",[],"[""فخر"", ""حب""]",['معاصر']
125,"[""الذات"", ""الحبيب""]","[""مواقع_نبطية"", ""أماكن_مجردة""]","[""الفخر والشجاعة"", ""الوفاء والصبر"", ""الذكريات""]",[],"[""غضب"", ""حنين"", ""حزن""]",['معاصر']
126,"[""أحمد بن محمد بن راشد آل مكتوم"", ""الذات"", ""الحبيب""]","[""مواقع_نبطية"", ""أماكن_مجردة""]","[""الفخر والشجاعة"", ""الوفاء والصبر"", ""المجد والعز""]","['الأنبياء', 'الله']","[""فخر"", ""حزن"", ""حب""]",['معاصر']
127,"[""الذات"", ""الحبيب""]","[""مواقع_نبطية""]","[""الوفاء والصبر"", ""الحب والغزل"", ""الغيرة والعتاب""]",[],"[""أمل"", ""حب""]",['معاصر']
128,"[""الذات"", ""الحبيب"", ""الحزن""]","[""أماكن_مجردة""]","[""الوفاء والصبر"", ""الذكريات"", ""الفراق والهجر""]","['المناسبات_الدينية', 'الله']","[""حنين"", ""حزن"", ""حب""]",['معاصر']
129,"[""الذات"", ""الحبيب""]",[],"[""الوفاء والصبر"", ""الذكريات"", ""الحب والغزل""]",[],"[""حنين"", ""حزن"", ""حب""]",['معاصر']
130,"[""محمد بن راشد آل مكتوم"", ""الذات"", ""حمدان بن محمد بن راشد آل مكتوم""]","[""معالم_إماراتية"", ""مواقع_دينية""]","[""المجد والعز"", ""الوفاء والصبر"", ""الفراق والهجر""]","['المفاهيم_الإيمانية', 'الله']","[""فخر"", ""حب"", ""حكمة""]",['معاصر']
131,"[""الذات""]","[""طبيعة_عامة"", ""أماكن_مجردة""]","[""الزمن والقدر"", ""الفراق والهجر"", ""الألم والحزن""]",[],"[""خوف"", ""حزن""]",['معاصر']
132,"[""الذات"", ""الحبيب""]","[""أراضي_إماراتية""]","[""الحب والغزل"", ""الجمال والعيون"", ""المجد والعز""]",['الله'],"[""حب""]",['معاصر']
133,"[""الذات"", ""الحبيب""]","[""أماكن_مجردة""]","[""الذكريات"", ""الفراق والهجر"", ""الحب والغزل""]",[],"[""غضب"", ""ندم"", ""حزن""]",['معاصر']
134,"[""شيخة بنت حمدان بن محمد آل مكتوم"", ""محمد بن راشد آل مكتوم"", ""الذات""]","[""طبيعة_عامة"", ""أراضي_إماراتية""]","[""الفخر والشجاعة"", ""الوفاء والصبر"", ""المجد والعز""]","['المفاهيم_الإيمانية', 'العبادة', 'الله']","[""فخر"", ""حزن"", ""حب""]","['معاصر', 'كلاسيكي']"
135,"[""الذات"", ""الحبيب""]","[""أماكن_مجردة""]","[""الذكريات"", ""الفراق والهجر"", ""الحب والغزل""]",[],"[""غضب"", ""شوق"", ""حزن""]",['معاصر']
136,"[""الذات"", ""الحبيب""]","[""مواقع_نبطية"", ""أماكن_مجردة""]","[""الوفاء والصبر"", ""الحب والغزل"", ""الشعر والإبداع""]",['الله'],"[""غضب"", ""فخر"", ""حب""]",['معاصر']
137,"[""هند بنت مكتوم بن جمعة آل مكتوم"", ""الذات"", ""راشد بن حمدان بن محمد آل مكتوم""]","[""طبيعة_عامة"", ""مواقع_نبطية""]","[""الوفاء والصبر"", ""المجد والعز"", ""الذكريات""]",['الله'],"[""خوف"", ""فخر""]",['حديث']
138,"[""الذات"", ""الحبيب""]","[""أماكن_مجردة""]","[""الوفاء والصبر"", ""الفراق والهجر"", ""الحب والغزل""]",[],"[""فخر"", ""حزن"", ""حب""]",['معاصر']
139,"[""الذات"", ""الحبيب""]","[""مواقع_نبطية"", ""أراضي_إماراتية""]","[""الوفاء والصبر"", ""المجد والعز"", ""الفراق والهجر""]",['الله'],"[""غضب"", ""فخر"", ""حزن""]",['معاصر']
140,"[""محمد بن راشد آل مكتوم""]","[""طبيعة_عامة""]","[""الفخر والشجاعة"", ""المجد والعز"", ""التراث النبطي""]",[],"[""فخر""]",['معاصر']
141,"[""محمد بن راشد آل مكتوم""]","[""مواقع_نبطية"", ""أماكن_مجردة""]","[""المجد والعز"", ""الإمارات ودبي"", ""التراث النبطي""]",['الله'],"[""فخر"", ""حب"", ""حكمة""]",['معاصر']
142,"[""الذات""]","[""أماكن_مجردة""]","[""المجد والعز"", ""الوفاء والصبر"", ""الزمن والقدر""]","['المفاهيم_الإيمانية', 'العبادة', 'الله']","[""أمل"", ""صبر"", ""فخر""]",['معاصر']
143,"[""أحمد بن محمد بن راشد آل مكتوم"", ""حمدان بن محمد بن راشد آل مكتوم"", ""محمد بن راشد آل مكتوم""]","[""مواقع_نبطية"", ""أراضي_إماراتية""]","[""الفخر والشجاعة"", ""الوفاء والصبر"", ""المجد والعز""]",[],"[""فخر""]",['معاصر']
144,"[""الذات"", ""الحبيب""]","[""أراضي_إماراتية"", ""أماكن_مجردة""]","[""الوفاء والصبر"", ""الحب والغزل"", ""الإمارات ودبي""]",[],"[""صبر"", ""حزن"", ""حب""]",['معاصر']
145,"[""الذات"", ""الحبيب"", ""هاجر""]","[""طبيعة_عامة"", ""أماكن_مجردة""]","[""الوفاء والصبر"", ""الفراق والهجر"", ""الحب والغزل""]",[],"[""صبر"", ""شوق"", ""حزن""]",['معاصر']
146,"[""الذات"", ""الحبيب""]","[""أماكن_مجردة"", ""مواقع_اجتماعية""]","[""الفخر والشجاعة"", ""الوفاء والصبر"", ""الفراق والهجر""]",['الله'],"[""غضب"", ""خوف"", ""حزن""]",['معاصر']
147,"[""حمدان بن محمد بن راشد آل مكتوم"", ""الذات"", ""الحبيب""]","[""طبيعة_عامة"", ""مواقع_نبطية""]","[""الحب والغزل"", ""القيادة والزعماء"", ""الشوق والحنين""]",[],"[""حزن"", ""حب""]","['معاصر', 'حديث']"
148,"[""الذات"", ""الحبيب""]",[],"[""الوفاء والصبر"", ""الذكريات"", ""الفراق والهجر""]","['العبادة', 'الله']","[""حزن"", ""حب"", ""حكمة""]",['معاصر']
149,"[""الذات"", ""الحبيب""]","[""أراضي_إماراتية"", ""مواقع_نبطية""]","[""الفراق والهجر"", ""الحب والغزل"", ""الإمارات ودبي""]",[],"[""حزن"", ""فرح"", ""حب""]",['معاصر']
150,"[""محمد بن راشد آل مكتوم"", ""الذات""]","[""طبيعة_عامة"", ""أماكن_مجردة""]","[""المجد والعز"", ""الوفاء والصبر"", ""الشعر والإبداع""]",['الأنبياء'],"[""فخر"", ""شوق"", ""حب""]",['معاصر']
151,"[""الذات"", ""القرم""]","[""أراضي_إماراتية"", ""أماكن_مجردة""]","[""الوفاء والصبر"", ""المجد والعز"", ""الذكريات""]",[],"[""فخر"", ""حزن"", ""حكمة""]",['معاصر']
152,"[""الذات"", ""الحبيب""]","[""أماكن_مجردة"", ""مواقع_دينية""]","[""الوفاء والصبر"", ""الحب والغزل"", ""الغيرة والعتاب""]","['الأماكن_المقدسة', 'الله']","[""فخر"", ""فرح"", ""حب""]",['معاصر']
153,"[""الذات"", ""الحبيب""]","[""أماكن_مجردة"", ""مدن_وأماكن_عربية""]","[""الوفاء والصبر"", ""الزمن والقدر"", ""الغيرة والعتاب""]",['الله'],"[""خوف"", ""حب""]",['حديث']
154,"[""الذات"", ""الحبيب""]","[""مواقع_نبطية""]","[""الوفاء والصبر"", ""الحب والغزل"", ""الغيرة والعتاب""]",[],"[""شوق"", ""حب""]",['معاصر']
155,"[""راشد بن محمد بن راشد آل مكتوم"", ""الذات""]","[""أراضي_إماراتية"", ""أماكن_مجردة""]","[""الفخر والشجاعة"", ""الوفاء والصبر"", ""الفراق والهجر""]",['المفاهيم_الإيمانية'],"[""فخر"", ""حزن"", ""حب""]","['معاصر', 'كلاسيكي']"
156,"[""شيخة بنت حمدان بن محمد آل مكتوم"", ""الذات"", ""الحبيب""]","[""أراضي_إماراتية"", ""طبيعة_عامة""]","[""الوفاء والصبر"", ""الفراق والهجر"", ""الحب والغزل""]",[],"[""فخر"", ""حزن"", ""حب""]",['معاصر']
157,"[""الذات"", ""الحبيب""]","[""أماكن_مجردة""]","[""الوفاء والصبر"", ""المجد والعز"", ""الفراق والهجر""]","['العبادة', 'الله']","[""صبر"", ""شوق"", ""حزن""]",['معاصر']
158,"[""الذات"", ""الحبيب""]","[""مواقع_نبطية"", ""مدن_وأماكن_عربية""]","[""المجد والعز"", ""الحب والغزل"", ""الغيرة والعتاب""]",[],"[""غضب"", ""فخر"", ""حزن""]",['معاصر']
159,"[""الذات"", ""الحبيب""]","[""مواقع_نبطية"", ""أماكن_مجردة""]","[""الفراق والهجر"", ""الحب والغزل"", ""الغيرة والعتاب""]",[],"[""غضب"", ""حزن"", ""حب""]",['معاصر']
160,"[""الذات"", ""آل نهيان"", ""كحيلان"", ""حمدان بن محمد بن راشد آل مكتوم"", ""آل مكتوم""]","[""مواقع_نبطية"", ""أراضي_إماراتية""]","[""الفخر والشجاعة"", ""المجد والعز"", ""الوفاء والصبر""]",['الله'],"[""غضب"", ""فخر"", ""حزن""]",['معاصر']
161,"[""الذات"", ""الحبيب""]","[""أماكن_مجردة""]","[""المجد والعز"", ""الوفاء والصبر"", ""الفراق والهجر""]",['الله'],"[""غضب"", ""حزن"", ""حب""]",['معاصر']
162,"[""الذات"", ""الحبيب""]",[],"[""الوفاء والصبر"", ""الحب والغزل"", ""الغيرة والعتاب""]","['العبادة', 'الله']","[""شوق"", ""حزن"", ""حب""]",['معاصر']
163,"[""الذات"", ""الحبيب""]","[""طبيعة_عامة"", ""أماكن_مجردة""]","[""الوفاء والصبر"", ""الذكريات"", ""الفراق والهجر""]",['الله'],"[""صبر"", ""شوق"", ""حزن""]",['معاصر']
164,"[""الذات"", ""الحبيب""]","[""أماكن_مجردة"", ""مواقع_نبطية""]","[""الوفاء والصبر"", ""الذكريات"", ""الحب والغزل""]",['الله'],"[""غضب"", ""فخر"", ""حزن""]",['معاصر']
165,"[""الذات"", ""الحبيب""]","[""أماكن_مجردة""]","[""الفراق والهجر"", ""الحب والغزل"", ""الغيرة والعتاب""]",[],"[""شوق"", ""حزن"", ""حب""]",['معاصر']
166,"[""الناس الوفيين"", ""الناس الصادقين"", ""الذات"", ""الناس الغادرين"", ""الناس المخادعين"", ""الناس الظالمين"", ""المحتاج"", ""المنبه"", ""صاحب الخير"", ""بني آدم""]","[""أماكن_مجردة""]","[""الوفاء والصبر"", ""الألم والحزن"", ""الإيمان والدعاء""]","['المفاهيم_الإيمانية', 'العبادة', 'الله']","[""غضب"", ""فخر"", ""حزن""]",['معاصر']
167,"[""شيخ الشيوخ"", ""الذات"", ""الحبيب"", ""رسول الله""]","[""أماكن_مجردة""]","[""الوفاء والصبر"", ""الفراق والهجر"", ""الحب والغزل""]",['الله'],"[""أمل"", ""حزن"", ""حب""]",['معاصر']
168,"[""الذات"", ""الحبيب""]","[""أماكن_مجردة""]","[""الوفاء والصبر"", ""الحب والغزل"", ""الشعر والإبداع""]",[],"[""حب""]",['معاصر']
169,"[""الذات"", ""الحبيب""]","[""أماكن_مجردة""]","[""الوفاء والصبر"", ""الحب والغزل"", ""الزمن والقدر""]",[],"[""حزن"", ""حنين"", ""حب""]",['معاصر']
170,"[""الذات"", ""الحبيب""]","[""طبيعة_عامة"", ""أماكن_مجردة""]","[""الفراق والهجر"", ""الحب والغزل"", ""الغيرة والعتاب""]",['المفاهيم_الإيمانية'],"[""أمل"", ""شوق"", ""حزن""]",['معاصر']
171,"[""الذات"", ""الحبيب""]","[""أراضي_إماراتية"", ""طبيعة_عامة""]","[""المجد والعز"", ""الزمن والقدر"", ""الحب والغزل""]",['المفاهيم_الإيمانية'],"[""فخر"", ""حزن"", ""حب""]",['معاصر']
172,"[""يالين"", ""الذات"", ""الحبيب""]","[""أماكن_مجردة""]","[""الوفاء والصبر"", ""الفراق والهجر"", ""الحب والغزل""]",['الله'],"[""شوق"", ""حب""]",['معاصر']
173,"[""الذات"", ""الحبيب""]","[""مواقع_اجتماعية"", ""مدن_وأماكن_عربية""]","[""الوفاء والصبر"", ""الفراق والهجر"", ""الحب والغزل""]",[],"[""حزن"", ""حب"", ""خوف""]",['معاصر']
174,"[""الذات"", ""الحبيب""]","[""أماكن_مجردة"", ""طبيعة_عامة""]","[""الوفاء والصبر"", ""الذكريات"", ""الفراق والهجر""]",[],"[""خوف"", ""شوق"", ""حزن""]",['معاصر']
175,"[""البنت اليتيمة"", ""الوطن"", ""الذات""]","[""مواقع_نبطية"", ""مواقع_دينية""]","[""المجد والعز"", ""الزمن والقدر"", ""الحب والغزل""]","['المفاهيم_الإيمانية', 'الأماكن_المقدسة', 'الأنبياء', 'الله']","[""فخر"", ""حزن"", ""حب""]",['معاصر']
176,"[""الذات"", ""الحبيب""]","[""أراضي_إماراتية""]","[""الوفاء والصبر"", ""الفراق والهجر"", ""الحب والغزل""]",[],"[""غضب"", ""حكمة"", ""خوف""]",['معاصر']
177,"[""الذات"", ""الحبيب""]","[""أراضي_إماراتية"", ""أماكن_مجردة""]","[""الفخر والشجاعة"", ""الوفاء والصبر"", ""المجد والعز""]",[],"[""غضب"", ""فخر"", ""حزن""]",['معاصر']
178,"[""الذات"", ""الحبيب""]",[],"[""الوفاء والصبر"", ""الذكريات"", ""الحب والغزل""]","['العبادة', 'الله']","[""شوق"", ""غيرة"", ""حب""]",['معاصر']
179,"[""الله"", ""المراجل"", ""الذات"", ""الحبيب""]","[""أراضي_إماراتية""]","[""الفخر والشجاعة"", ""المجد والعز"", ""الوفاء والصبر""]","['العبادة', 'الله']","[""صبر"", ""فخر"", ""تأمل""]",['معاصر']
180,"[""زايد بن سلطان آل نهيان""]","[""أماكن_مجردة"", ""أراضي_إماراتية""]","[""المجد والعز"", ""الفراق والهجر"", ""التراث النبطي""]",['الله'],"[""فخر"", ""شوق"", ""حزن""]",['معاصر']
181,"[""شيخة بنت حمدان بن محمد آل مكتوم"", ""الذات""]","[""أراضي_إماراتية""]","[""الوفاء والصبر"", ""الذكريات"", ""الإمارات ودبي""]",['الله'],"[""فخر"", ""فرح"", ""حب""]",['معاصر']
182,"[""الذات"", ""الحبيب""]","[""أماكن_مجردة"", ""طبيعة_عامة""]","[""الوفاء والصبر"", ""الحب والغزل"", ""الطبيعة والخيل""]",[],"[""شوق"", ""حزن"", ""حب""]",['معاصر']
183,"[""راشد بن سعيد آل مكتوم"", ""محمد بن راشد آل مكتوم"", ""الذات"", ""محمد بن زايد آل نهيان"", ""راشد بن محمد آل مكتوم"", ""حمدان بن محمد بن راشد آل مكتوم"", ""سليمان"", ""زايد بن سلطان آل نهيان""]","[""مواقع_نبطية"", ""مدن_وأماكن_عربية""]","[""الفخر والشجاعة"", ""المجد والعز"", ""الوفاء والصبر""]","['المناسبات_الدينية', 'العبادة', 'الله', 'المفاهيم_الإيمانية', 'الأنبياء']","[""غضب"", ""فخر"", ""حزن""]",['معاصر']
184,"[""الذات"", ""الحبيب""]","[""معالم_إماراتية"", ""مواقع_دينية""]","[""الوفاء والصبر"", ""الفراق والهجر"", ""الحب والغزل""]",['المناسبات_الدينية'],"[""غضب"", ""شوق"", ""حزن""]",['معاصر']
185,"[""حمدان بن محمد بن راشد آل مكتوم""]","[""طبيعة_عامة"", ""أراضي_إماراتية""]","[""المجد والعز"", ""الوفاء والصبر"", ""الغيرة والعتاب""]",['العبادة'],"[""غضب"", ""فخر"", ""حزن""]",['معاصر']
186,"[""الذات"", ""الحبيب""]","[""أراضي_إماراتية"", ""مواقع_دينية""]","[""الوفاء والصبر"", ""الفراق والهجر"", ""الحب والغزل""]",['الأماكن_المقدسة'],"[""شوق"", ""حب""]",['معاصر']
187,[],"[""أماكن_مجردة""]","[""المجد والعز"", ""الوفاء والصبر"", ""الجمال والعيون""]",[],"[""فخر"", ""حب"", ""أمل""]",['معاصر']
188,"[""الذات"", ""الحبيب""]","[""أماكن_مجردة""]","[""الوفاء والصبر"", ""الفراق والهجر"", ""الغيرة والعتاب""]",[],"[""أمل"", ""ندم"", ""فخر""]",['معاصر']
189,"[""الذات"", ""الحبيب""]","[""مواقع_نبطية""]","[""الذكريات"", ""الحب والغزل"", ""الغيرة والعتاب""]",['الله'],"[""خوف"", ""شوق"", ""حزن""]",['معاصر']
190,"[""محمد بن راشد آل مكتوم"", ""الذات"", ""زايد بن سلطان آل نهيان""]","[""أراضي_إماراتية""]","[""الوفاء والصبر"", ""الفراق والهجر"", ""الزمن والقدر""]","['الكتب_المقدسة', 'المفاهيم_الإيمانية', 'الأنبياء']","[""فخر"", ""حكمة""]",['معاصر']
191,"[""الذات"", ""الحبيب""]","[""مواقع_دينية""]","[""الحب والغزل"", ""الشوق والحنين"", ""الوفاء والصبر""]",['الله'],"[""صبر"", ""فخر"", ""حب""]",['معاصر']
192,[],"[""طبيعة_عامة""]","[""المجد والعز"", ""الجمال والعيون"", ""القيادة والزعماء""]",[],"[""حب"", ""فخر"", ""فرح""]",['معاصر']
193,"[""الذات"", ""الحبيب""]","[""أماكن_مجردة"", ""مواقع_اجتماعية""]","[""الوفاء والصبر"", ""الفراق والهجر"", ""الحب والغزل""]",[],"[""شوق"", ""حب""]",['معاصر']
194,"[""الذات"", ""الحبيب""]","[""أراضي_إماراتية"", ""طبيعة_عامة""]","[""الفخر والشجاعة"", ""المجد والعز"", ""الوفاء والصبر""]",['الله'],"[""غضب"", ""فخر"", ""حب""]","['معاصر', 'كلاسيكي']"
195,"[""الذات"", ""الحبيب""]","[""أماكن_مجردة"", ""طبيعة_عامة""]","[""الوفاء والصبر"", ""الحب والغزل"", ""الغيرة والعتاب""]",[],"[""حب""]",['معاصر']
196,"[""راشد بن محمد بن راشد آل مكتوم"", ""راشد بن حمدان بن محمد آل مكتوم""]","[""مواقع_نبطية"", ""أراضي_إماراتية""]","[""الفخر والشجاعة"", ""المجد والعز"", ""الطبيعة والخيل""]",[],"[""صبر"", ""فخر"", ""شوق""]",['معاصر']
197,"[""محمد بن راشد آل مكتوم"", ""الذات"", ""حمدان بن محمد بن راشد آل مكتوم""]","[""مواقع_نبطية"", ""أماكن_مجردة""]","[""الفخر والشجاعة"", ""الوفاء والصبر"", ""الفراق والهجر""]","['المفاهيم_الإيمانية', 'العبادة', 'المناسبات_الدينية', 'الله']","[""فخر"", ""حزن"", ""حكمة""]",['معاصر']
198,"[""الذات"", ""الحبيب""]","[""أماكن_مجردة""]","[""الوفاء والصبر"", ""الحب والغزل"", ""الشوق والحنين""]",['الله'],"[""غضب"", ""حزن"", ""حب""]",['معاصر']
199,"[""الحبيب"", ""الذات"", ""حمدان بن محمد بن راشد آل مكتوم""]",[],"[""الوفاء والصبر"", ""الفراق والهجر"", ""الحب والغزل""]","['العبادة', 'الله']","[""غضب"", ""فخر"", ""حزن""]",['معاصر']
200,"[""الذات""]","[""أراضي_إماراتية"", ""مدن_وأماكن_عربية""]","[""المجد والعز"", ""الوفاء والصبر"", ""الحب والغزل""]",[],"[""حكمة"", ""فخر""]",['معاصر']
201,"[""الذات"", ""الحبيب""]","[""طبيعة_عامة""]","[""الغيرة والعتاب"", ""الألم والحزن""]",['الله'],"[""غضب"", ""شوق"", ""حزن""]",['معاصر']
202,"[""الذات"", ""محمد بن زايد آل نهيان""]","[""مواقع_نبطية"", ""أماكن_مجردة""]","[""الفخر والشجاعة"", ""الوفاء والصبر"", ""المجد والعز""]","['المفاهيم_الإيمانية', 'العبادة', 'الله']","[""فخر"", ""حنين"", ""حزن""]",['معاصر']
203,"[""الذات"", ""الحبيب""]","[""أراضي_إماراتية""]","[""الفراق والهجر"", ""الحب والغزل"", ""الغيرة والعتاب""]",[],"[""غضب"", ""شوق"", ""حزن""]",['معاصر']
204,"[""الذات"", ""الحبيب""]","[""مواقع_دينية""]","[""الوفاء والصبر"", ""الفراق والهجر"", ""الحب والغزل""]",[],"[""غضب"", ""حزن"", ""حب""]",['معاصر']
205,"[""أحمد بن محمد بن راشد آل مكتوم"", ""الذات"", ""الحبيب""]","[""مواقع_نبطية"", ""طبيعة_عامة""]","[""الوفاء والصبر"", ""الذكريات"", ""الحب والغزل""]","['الأماكن_المقدسة', 'الله']","[""خوف"", ""حزن"", ""حنين""]",['معاصر']
206,"[""الذات""]","[""أراضي_إماراتية"", ""أماكن_مجردة""]","[""الوفاء والصبر"", ""المجد والعز"", ""الغيرة والعتاب""]","['المفاهيم_الإيمانية', 'الله']","[""غضب"", ""فخر"", ""حنين""]",['معاصر']
207,"[""الذات"", ""الحبيب""]","[""مواقع_دينية"", ""أراضي_إماراتية""]","[""الوفاء والصبر"", ""الفراق والهجر"", ""الحب والغزل""]","['الأماكن_المقدسة', 'المفاهيم_الإيمانية', 'الله']","[""شوق"", ""حنين"", ""حزن""]",['معاصر']
208,"[""الذات"", ""الحبيب""]","[""مواقع_نبطية""]","[""الحب والغزل"", ""الجمال والعيون"", ""الشوق والحنين""]",['الله'],"[""شوق"", ""حب""]",['معاصر']
209,"[""الذات"", ""حمدان بن محمد بن راشد آل مكتوم""]","[""أراضي_إماراتية"", ""طبيعة_عامة""]","[""الوفاء والصبر"", ""الحب والغزل"", ""الغيرة والعتاب""]",[],"[""حزن"", ""حب"", ""حكمة""]",['معاصر']
210,"[""الذات"", ""الحبيب""]","[""أراضي_إماراتية""]","[""الحب والغزل"", ""الجمال والعيون"", ""الوفاء والصبر""]",[],"[""حزن"", ""حب""]",['معاصر']
211,[],"[""مواقع_نبطية"", ""أماكن_مجردة""]","[""الوفاء والصبر"", ""الغيرة والعتاب"", ""الألم والحزن""]",[],"[""غضب"", ""حزن"", ""حب""]",['معاصر']
212,"[""الذات"", ""الحبيب""]",[],"[""الفراق والهجر"", ""الحب والغزل"", ""الغيرة والعتاب""]",['الله'],"[""شوق"", ""حب""]",['معاصر']
213,"[""الذات"", ""الحبيب""]",[],"[""الوفاء والصبر"", ""الذكريات"", ""الفراق والهجر""]",[],"[""شوق"", ""حنين"", ""حزن""]",['معاصر']
214,"[""هند بنت مكتوم بن جمعة آل مكتوم"", ""محمد بن راشد آل مكتوم""]","[""أراضي_إماراتية""]","[""الوفاء والصبر"", ""المجد والعز"", ""الغيرة والعتاب""]","['العبادة', 'الأنبياء', 'الله']","[""فخر"", ""حكمة"", ""صبر""]",['معاصر']
215,"[""الذات""]","[""مواقع_دينية""]","[""الذكريات"", ""الحب والغزل"", ""الغيرة والعتاب""]",[],"[""حزن"", ""حنين"", ""حب""]",['معاصر']
216,[],"[""أراضي_إماراتية""]","[""المجد والعز"", ""الوفاء والصبر"", ""الإمارات ودبي""]",[],"[""فخر"", ""حب""]",['معاصر']
217,"[""الذات""]","[""أماكن_مجردة"", ""مواقع_دينية""]","[""الوفاء والصبر"", ""الزمن والقدر"", ""الغيرة والعتاب""]","['المفاهيم_الإيمانية', 'الله']","[""حكمة"", ""أمل"", ""فخر""]",['معاصر']
218,[],"[""طبيعة_عامة""]","[""الحب والغزل"", ""الإيمان والدعاء"", ""التراث النبطي""]",['الله'],"[""أمل"", ""فخر"", ""حب""]",['معاصر']
219,"[""محمد بن راشد آل مكتوم"", ""الذات"", ""الحبيب"", ""مكتوم بن محمد بن راشد آل مكتوم""]","[""مواقع_نبطية"", ""أراضي_إماراتية""]","[""المجد والعز"", ""الوفاء والصبر"", ""التراث النبطي""]","['المفاهيم_الإيمانية', 'الأنبياء', 'المناسبات_الدينية', 'الله']","[""فخر"", ""حزن"", ""حب""]","['معاصر', 'نبطي']"
220,"[""حمدان بن محمد بن راشد آل مكتوم""]",[],[],['الكتب_المقدسة'],"[""فخر"", ""حزن"", ""حب""]",['معاصر']
221,"[""محمد بن راشد آل مكتوم"", ""الذات"", ""حمدان بن محمد بن راشد آل مكتوم""]","[""أراضي_إماراتية"", ""طبيعة_عامة""]","[""القيادة والزعماء"", ""التراث النبطي"", ""الألم والحزن""]",['الله'],"[""فخر"", ""شوق"", ""حزن""]",['معاصر']
222,"[""الذات"", ""الحبيب""]","[""مواقع_نبطية""]","[""الوفاء والصبر"", ""الحب والغزل"", ""الشوق والحنين""]",[],"[""شوق"", ""فرح"", ""حب""]",['معاصر']
223,"[""شيخة بنت حمدان بن محمد آل مكتوم"", ""راشد بن حمدان بن محمد آل مكتوم""]","[""أماكن_مجردة""]","[""المجد والعز"", ""القيادة والزعماء"", ""الوفاء والصبر""]",[],"[""فخر"", ""شوق"", ""حب""]",['معاصر']
224,"[""سلمان بن عبدالعزيز آل سعود""]","[""مواقع_نبطية"", ""أماكن_مجردة""]","[""المجد والعز"", ""الوفاء والصبر"", ""الزمن والقدر""]","['المفاهيم_الإيمانية', 'المناسبات_الدينية']","[""حكمة"", ""صبر"", ""فخر""]",['معاصر']
225,"[""الملك"", ""الذات"", ""دنلوب"", ""غياث"", ""مكلين""]","[""أماكن_مجردة"", ""طبيعة_عامة""]","[""الوفاء والصبر"", ""التراث النبطي"", ""الطبيعة والخيل""]",['الله'],"[""غضب"", ""أمل"", ""فخر""]",['معاصر']
226,[],[],"[""الوفاء والصبر"", ""الفراق والهجر"", ""الحب والغزل""]",['الله'],"[""غضب"", ""حزن"", ""حب""]",['معاصر']
227,"[""الذات"", ""حمدان بن محمد بن راشد آل مكتوم""]","[""طبيعة_عامة"", ""أراضي_إماراتية""]","[""المجد والعز"", ""الوفاء والصبر"", ""الزمن والقدر""]",[],"[""حكمة"", ""صبر"", ""فخر""]",['معاصر']
228,"[""تميم بن حمد آل ثاني"", ""محمد بن سلمان آل سعود"", ""سلمان بن عبدالعزيز آل سعود"", ""قابوس بن سعيد آل سعيد"", ""عبدالله بن زايد آل نهيان"", ""خليفة بن زايد آل نهيان""]","[""مواقع_نبطية"", ""أراضي_إماراتية""]","[""الوفاء والصبر"", ""المجد والعز"", ""الحب والغزل""]","['المفاهيم_الإيمانية', 'الأماكن_المقدسة', 'العبادة', 'الله']","[""غضب"", ""فخر"", ""حب""]",['معاصر']
229,[],"[""أماكن_مجردة""]","[""الوفاء والصبر"", ""الغيرة والعتاب"", ""الصداقة والكرم""]",[],"[""حكمة"", ""ندم"", ""حزن""]",['معاصر']
230,[],"[""أماكن_مجردة"", ""أراضي_إماراتية""]","[""المجد والعز"", ""الوفاء والصبر"", ""الفراق والهجر""]","['الأماكن_المقدسة', 'العبادة', 'المفاهيم_الإيمانية', 'المناسبات_الدينية']","[""فخر"", ""حب"", ""أمل""]",['معاصر']
231,"[""حمدان بن محمد بن راشد آل مكتوم"", ""زايد بن سلطان آل نهيان""]","[""أراضي_إماراتية"", ""طبيعة_عامة""]","[""الفخر والشجاعة"", ""الوفاء والصبر"", ""الحب والغزل""]","['المفاهيم_الإيمانية', 'الله']","[""غضب"", ""فخر"", ""حزن""]",['معاصر']
232,"[""الذات"", ""الحبيب""]","[""مواقع_نبطية"", ""أراضي_إماراتية""]","[""الفخر والشجاعة"", ""المجد والعز"", ""الوفاء والصبر""]",['الله'],"[""فخر"", ""شوق"", ""حزن""]",['معاصر']
233,"[""محمد بن راشد آل مكتوم"", ""الذات"", ""حمدان بن محمد بن راشد آل مكتوم"", ""محمد بن زايد آل نهيان""]","[""مواقع_نبطية"", ""أراضي_إماراتية""]","[""الفخر والشجاعة"", ""المجد والعز"", ""الوفاء والصبر""]","['الكتب_المقدسة', 'المناسبات_الدينية', 'الله']","[""فخر"", ""حزن"", ""حب""]",['معاصر']
234,"[""أحمد بن محمد بن راشد آل مكتوم"", ""راشد بن حمدان بن محمد آل مكتوم""]","[""أراضي_إماراتية"", ""أماكن_مجردة""]","[""الوفاء والصبر"", ""المجد والعز"", ""الذكريات""]","['العبادة', 'الله']","[""غضب"", ""حزن"", ""حكمة""]",['معاصر']
235,"[""الذات"", ""الحبيب""]","[""طبيعة_عامة""]","[""الوفاء والصبر"", ""الحب والغزل"", ""الألم والحزن""]",['الله'],"[""حكمة"", ""حزن"", ""حب""]",['معاصر']
236,"[""محمد بن راشد آل مكتوم"", ""الذات"", ""حمدان بن محمد بن راشد آل مكتوم""]","[""أراضي_إماراتية"", ""طبيعة_عامة""]","[""المجد والعز"", ""الفراق والهجر"", ""الإمارات ودبي""]",[],"[""غضب"", ""فخر"", ""حزن""]",['معاصر']
237,"[""الذات"", ""الحبيب""]",[],"[""الوفاء والصبر"", ""المجد والعز"", ""الحب والغزل""]",[],"[""حكمة"", ""شوق"", ""حب""]",['معاصر']
238,[],"[""مواقع_نبطية""]","[""الوفاء والصبر"", ""الذكريات"", ""التراث النبطي""]",[],"[""حكمة"", ""فخر"", ""فرح""]",['معاصر']
239,"[""محمد بن راشد آل مكتوم"", ""الذات"", ""هدهد سليمان"", ""الحبيب"", ""حمدان بن محمد بن راشد آل مكتوم"", ""أحمد بن محمد بن راشد آل مكتوم""]","[""مواقع_نبطية"", ""معالم_إماراتية""]","[""الفخر والشجاعة"", ""المجد والعز"", ""الوفاء والصبر""]","['المفاهيم_الإيمانية', 'الأنبياء', 'المناسبات_الدينية', 'الله']","[""فخر"", ""حزن"", ""حب""]",['معاصر']
240,"[""هند بنت مكتوم بن جمعة آل مكتوم"", ""زايد بن سلطان آل نهيان""]","[""أراضي_إماراتية"", ""مواقع_نبطية""]","[""الفخر والشجاعة"", ""المجد والعز"", ""الوفاء والصبر""]","['الأنبياء', 'المناسبات_الدينية', 'الله']","[""فخر"", ""فرح"", ""حب""]",['معاصر']
241,"[""الذات""]","[""مواقع_نبطية"", ""أماكن_مجردة""]","[""الوفاء والصبر"", ""الذكريات"", ""الفراق والهجر""]",[],"[""فخر"", ""حنين"", ""حزن""]",['معاصر']
242,"[""الذات"", ""زايد بن سلطان آل نهيان""]","[""أراضي_إماراتية"", ""طبيعة_عامة""]","[""الزمن والقدر"", ""الإيمان والدعاء"", ""الوفاء والصبر""]","['العبادة', 'المناسبات_الدينية', 'الله']","[""حكمة"", ""خوف"", ""أمل""]",['كلاسيكي']
243,"[""عزام""]","[""مواقع_نبطية"", ""أماكن_مجردة""]","[""الوفاء والصبر"", ""الذكريات"", ""الزمن والقدر""]",[],"[""فخر"", ""حكمة"", ""أمل""]",['معاصر']
244,"[""الذات""]","[""مواقع_نبطية"", ""أراضي_إماراتية""]","[""الفخر والشجاعة"", ""المجد والعز"", ""الوفاء والصبر""]","['المفاهيم_الإيمانية', 'الله']","[""فخر"", ""حزن"", ""حنين""]",['معاصر']
245,"[""محمد بن راشد آل مكتوم"", ""الذات"", ""محمد بن زايد آل نهيان"", ""عبدالله بن زايد آل نهيان"", ""خليفة بن زايد آل نهيان"", ""زايد بن سلطان آل نهيان""]","[""أماكن_مجردة"", ""مواقع_دينية""]","[""المجد والعز"", ""الإمارات ودبي"", ""الحب والغزل""]","['المفاهيم_الإيمانية', 'العبادة', 'الله']","[""غضب"", ""فخر"", ""حب""]",['معاصر']
246,"[""سلمان بن عبدالعزيز آل سعود""]","[""أراضي_إماراتية"", ""مواقع_اجتماعية""]","[""المجد والعز"", ""القيادة والزعماء"", ""حب الوطن""]","['المفاهيم_الإيمانية', 'الأنبياء', 'الله']","[""فخر"", ""حب""]",['معاصر']
247,"[""ضاحي خلفان""]","[""مواقع_نبطية"", ""أماكن_مجردة""]","[""الفخر والشجاعة"", ""الألم والحزن"", ""الصداقة والكرم""]",[],"[""غضب"", ""حكمة"", ""فخر""]",['معاصر']
248,[],"[""أماكن_مجردة"", ""مدن_وأماكن_عربية""]","[""الوفاء والصبر"", ""الذكريات"", ""الغيرة والعتاب""]","['المناسبات_الدينية', 'الله']","[""أمل"", ""حزن""]",['معاصر']
249,"[""الذات"", ""الحبيب""]","[""مواقع_اجتماعية""]","[""المجد والعز"", ""الوفاء والصبر"", ""الفراق والهجر""]",['الله'],"[""غضب"", ""فخر"", ""حزن""]",['معاصر']
250,"[""محمد بن زايد آل نهيان""]","[""أماكن_مجردة""]","[""الوفاء والصبر"", ""الغيرة والعتاب"", ""المجد والعز""]",[],"[""فخر"", ""غيرة"", ""حب""]",['معاصر']
251,"[""الذات"", ""حمدان بن محمد بن راشد آل مكتوم"", ""زايد بن سلطان آل نهيان""]","[""طبيعة_عامة"", ""مواقع_نبطية""]","[""الوفاء والصبر"", ""المجد والعز"", ""الزمن والقدر""]","['المفاهيم_الإيمانية', 'العبادة', 'الأنبياء', 'الله']","[""غضب"", ""فخر"", ""حزن""]",['معاصر']
252,"[""حمدان بن محمد بن راشد آل مكتوم"", ""زايد بن سلطان آل نهيان""]","[""أراضي_إماراتية"", ""أماكن_مجردة""]","[""الفخر والشجاعة"", ""المجد والعز"", ""الوفاء والصبر""]","['المفاهيم_الإيمانية', 'العبادة', 'الله']","[""غضب"", ""فخر"", ""حزن""]",['معاصر']
253,"[""محمد بن راشد آل مكتوم"", ""حمدان بن محمد بن راشد آل مكتوم""]","[""مواقع_نبطية"", ""أراضي_إماراتية""]","[""الفخر والشجاعة"", ""الوفاء والصبر"", ""التراث النبطي""]",[],"[""فخر"", ""حزن"", ""حنين""]",['معاصر']
254,"[""محمد بن راشد آل مكتوم"", ""الذات"", ""حمدان بن محمد بن راشد آل مكتوم"", ""راشد بن حمدان بن محمد آل مكتوم""]",[],"[""المجد والعز"", ""الوفاء والصبر"", ""التراث النبطي""]",[],"[""صبر"", ""فخر"", ""فرح""]",['معاصر']
255,"[""محمد بن راشد آل مكتوم"", ""الذات""]","[""أماكن_مجردة""]","[""الوفاء والصبر"", ""الحب والغزل"", ""الغيرة والعتاب""]",[],"[""حزن"", ""حب"", ""حكمة""]",['معاصر']
256,"[""حمدان بن محمد بن راشد آل مكتوم"", ""زايد بن سلطان آل نهيان""]","[""أراضي_إماراتية"", ""مواقع_نبطية""]","[""الفخر والشجاعة"", ""المجد والعز"", ""الوفاء والصبر""]",['الله'],"[""غضب"", ""فخر""]",['معاصر']
257,"[""الذات"", ""مكتوم بن محمد بن راشد آل مكتوم""]","[""طبيعة_عامة""]","[""الوفاء والصبر"", ""الذكريات"", ""الفراق والهجر""]",['الله'],"[""فخر"", ""حزن"", ""حنين""]",['معاصر']
258,"[""الذات""]","[""أراضي_إماراتية"", ""طبيعة_عامة""]","[""المجد والعز"", ""الوفاء والصبر"", ""التراث النبطي""]","['المناسبات_الدينية', 'العبادة', 'الله', 'المفاهيم_الإيمانية', 'الأنبياء']","[""فخر"", ""حب"", ""حكمة""]",['معاصر']
259,"[""حمدان بن محمد بن راشد آل مكتوم""]",[],"[""الوفاء والصبر"", ""الإيمان والدعاء"", ""الطموح والنجاح""]",['الله'],"[""حكمة"", ""ندم"", ""خوف""]",['معاصر']
260,[],"[""طبيعة_عامة""]","[""الوفاء والصبر"", ""المجد والعز"", ""التراث النبطي""]",[],"[""فخر"", ""حب"", ""خوف""]",['معاصر']
261,"[""الذات"", ""زايد بن سلطان آل نهيان""]","[""أماكن_مجردة"", ""أراضي_إماراتية""]","[""المجد والعز"", ""الوفاء والصبر"", ""الفراق والهجر""]","['العبادة', 'الله']","[""فخر"", ""حب"", ""أمل""]",['معاصر']
262,[],"[""طبيعة_عامة"", ""مواقع_دينية""]","[""التراث النبطي"", ""الطبيعة والخيل"", ""الشعر والإبداع""]",['الأماكن_المقدسة'],"[""غضب"", ""حزن"", ""حب""]",['معاصر']
263,"[""الذات"", ""زايد بن سلطان آل نهيان""]","[""أراضي_إماراتية""]","[""المجد والعز"", ""التراث النبطي"", ""حب الوطن""]",['الأماكن_المقدسة'],"[""فخر""]",['معاصر']
264,"[""حمدان بن محمد بن راشد آل مكتوم""]","[""أماكن_مجردة"", ""مواقع_نبطية""]","[""الوفاء والصبر"", ""الحب والغزل"", ""التراث النبطي""]","['المفاهيم_الإيمانية', 'الله']","[""حزن"", ""حب"", ""أمل""]",['معاصر']
265,"[""الذات"", ""الحبيب""]","[""أماكن_مجردة""]","[""الوفاء والصبر"", ""الفراق والهجر"", ""الحب والغزل""]",[],"[""ندم"", ""شوق"", ""حب""]",['معاصر']
266,"[""حمدان بن محمد بن راشد آل مكتوم""]","[""مواقع_نبطية"", ""أماكن_مجردة""]","[""المجد والعز"", ""الوفاء والصبر"", ""الشعر والإبداع""]",[],"[""فخر"", ""حزن"", ""حب""]",['معاصر']
267,"[""الذات"", ""زايد بن سلطان آل نهيان""]","[""أراضي_إماراتية"", ""أماكن_مجردة""]","[""الفخر والشجاعة"", ""المجد والعز"", ""الذكريات""]",[],"[""فخر"", ""حب"", ""شوق""]",['كلاسيكي']
268,[],"[""مواقع_دينية""]","[""الزمن والقدر"", ""الإيمان والدعاء""]","['العبادة', 'المناسبات_الدينية', 'الله']","[""حكمة"", ""أمل""]",['معاصر']
269,"[""الذات"", ""الحبيب""]","[""أماكن_مجردة""]","[""الوفاء والصبر"", ""الفراق والهجر"", ""الحب والغزل""]","['الأنبياء', 'الله']","[""شوق"", ""حب""]",['معاصر']
270,"[""الذات""]","[""مواقع_نبطية"", ""أماكن_مجردة""]","[""الوفاء والصبر"", ""الغيرة والعتاب"", ""الشعر والإبداع""]","['المفاهيم_الإيمانية', 'الله']","[""فخر"", ""حب"", ""حكمة""]",['معاصر']
271,[],"[""أماكن_مجردة""]","[""الوفاء والصبر"", ""الذكريات"", ""الزمن والقدر""]","['العبادة', 'الله']","[""أمل"", ""حزن""]",['معاصر']
272,"[""محمد بن راشد آل مكتوم"", ""الذات"", ""زايد بن سلطان آل نهيان"", ""محمد بن زايد آل نهيان""]","[""طبيعة_عامة"", ""أماكن_مجردة""]","[""المجد والعز"", ""الوفاء والصبر"", ""الذكريات""]","['العبادة', 'الأنبياء', 'الله']","[""فخر"", ""حنين"", ""حب""]",['معاصر']
273,"[""الذات""]","[""أماكن_مجردة"", ""مواقع_اجتماعية""]","[""الزمن والقدر"", ""القيادة والزعماء"", ""الطموح والنجاح""]",[],"[""فخر"", ""حب"", ""حكمة""]",['معاصر']
274,"[""زايد بن سلطان آل نهيان""]","[""أراضي_إماراتية""]","[""الإمارات ودبي"", ""القيادة والزعماء"", ""المجد والعز""]",['الله'],"[""فخر""]",['معاصر']
275,"[""الذات""]","[""مواقع_نبطية""]","[""الوفاء والصبر"", ""الذكريات"", ""الزمن والقدر""]","['العبادة', 'المناسبات_الدينية', 'الله']","[""حكمة"", ""حنين"", ""فرح""]",['معاصر']
276,"[""الذات"", ""الحبيب""]","[""أماكن_مجردة""]","[""الفخر والشجاعة"", ""الوفاء والصبر"", ""الفراق والهجر""]",['الله'],"[""شوق"", ""فرح"", ""حب""]",['معاصر']
277,[],"[""طبيعة_عامة"", ""مواقع_نبطية""]","[""المجد والعز"", ""الوفاء والصبر"", ""الفراق والهجر""]",[],"[""فخر"", ""حزن"", ""حب""]",['معاصر']
278,"[""الذات"", ""الحبيب""]","[""طبيعة_عامة""]","[""الحب والغزل"", ""الجمال والعيون"", ""الألم والحزن""]",['الله'],"[""شوق"", ""حزن"", ""فرح""]",['معاصر']
279,"[""الذات"", ""الحبيب""]","[""طبيعة_عامة"", ""أماكن_مجردة""]","[""الوفاء والصبر"", ""الفراق والهجر"", ""الشوق والحنين""]",[],"[""شوق""]",['معاصر']
280,[],"[""أراضي_إماراتية""]","[""الحب والغزل"", ""الجمال والعيون"", ""الشوق والحنين""]",['الله'],"[""فرح"", ""حب""]",['معاصر']
281,"[""الخوي"", ""الذات"", ""الشميمي""]","[""أماكن_مجردة"", ""أراضي_إماراتية""]","[""الوفاء والصبر"", ""الفراق والهجر"", ""الحب والغزل""]",['الله'],"[""فخر"", ""حزن"", ""حب""]",['معاصر']
282,"[""هند بنت مكتوم بن جمعة آل مكتوم"", ""محمد بن راشد آل مكتوم"", ""الذات""]","[""طبيعة_عامة"", ""أماكن_مجردة""]","[""المجد والعز"", ""الحب والغزل"", ""الجمال والعيون""]",['الأنبياء'],"[""فخر"", ""شوق"", ""حب""]",['معاصر']
283,"[""ابن ادم""]","[""أراضي_إماراتية"", ""مواقع_اجتماعية""]","[""الطموح والنجاح"", ""الوفاء والصبر"", ""الذكريات""]",[],"[""حكمة"", ""حزن"", ""حنين""]",['معاصر']
284,[],"[""أراضي_إماراتية""]","[""المجد والعز"", ""الوفاء والصبر"", ""الإمارات ودبي""]",['الله'],"[""حب""]",['معاصر']
285,"[""الذات"", ""الحبيب""]","[""أماكن_مجردة""]","[""الوفاء والصبر"", ""الفراق والهجر"", ""الشوق والحنين""]",[],"[""أمل"", ""فخر"", ""فرح""]",['معاصر']
286,"[""محمد بن زايد آل نهيان""]","[""أراضي_إماراتية"", ""أماكن_مجردة""]","[""المجد والعز"", ""القيادة والزعماء""]",['الله'],"[""فخر""]",['معاصر']
287,[],"[""مواقع_نبطية"", ""أراضي_إماراتية""]","[""الفخر والشجاعة"", ""المجد والعز"", ""الوفاء والصبر""]",[],"[""فخر"", ""حزن"", ""حب""]",['معاصر']
288,"[""شنذاره"", ""عجايب"", ""غياث""]","[""أراضي_إماراتية"", ""أماكن_مجردة""]","[""المجد والعز"", ""الوفاء والصبر"", ""الإمارات ودبي""]",['الله'],"[""غضب"", ""فخر"", ""حزن""]",['معاصر']
289,"[""الذات""]",[],"[""الحب والغزل"", ""الشوق والحنين"", ""الوفاء والصبر""]",[],"[""فرح"", ""حب""]",['معاصر']
290,[],"[""أراضي_إماراتية""]",[],"['العبادة', 'الأنبياء', 'الله']",[],['معاصر']
291,"[""الذات"", ""الحبيب""]","[""أماكن_مجردة""]","[""الفخر والشجاعة"", ""الفراق والهجر"", ""الحب والغزل""]",[],"[""صبر"", ""شوق"", ""حزن""]",['معاصر']
292,"[""محمد بن راشد آل مكتوم""]","[""أراضي_إماراتية""]","[""المجد والعز"", ""الزمن والقدر"", ""الشعر والإبداع""]",['الأنبياء'],"[""فخر""]",['معاصر']
293,"[""محمد بن زايد آل نهيان""]",[],"[""القيادة والزعماء""]",[],"[""حب""]",['معاصر']
294,"[""زايد بن سلطان آل نهيان""]","[""أراضي_إماراتية"", ""مواقع_دينية""]","[""الوفاء والصبر"", ""الإمارات ودبي"", ""التراث النبطي""]",[],"[""فخر""]",['معاصر']
295,[],"[""أراضي_إماراتية""]","[""المجد والعز"", ""القيادة والزعماء"", ""حب الوطن""]",[],"[""فخر""]",['معاصر']
296,"[""محمد بن راشد آل مكتوم""]","[""أراضي_إماراتية""]","[""الطموح والنجاح"", ""المجد والعز"", ""القيادة والزعماء""]",[],"[""فخر""]",['معاصر']
297,"[""الذات""]","[""مواقع_دينية""]","[""الحب والغزل"", ""الإيمان والدعاء"", ""الشوق والحنين""]","['الكتب_المقدسة', 'العبادة', 'المفاهيم_الإيمانية', 'الله']","[""حزن"", ""حب"", ""حكمة""]",['معاصر']
298,"[""بلال بن رباح"", ""أبو جهل""]","[""أماكن_مجردة""]","[""المجد والعز"", ""الوفاء والصبر"", ""الزمن والقدر""]",['الأنبياء'],"[""حكمة"", ""أمل""]",['معاصر']
299,"[""محمد بن زايد آل نهيان"", ""راشد بن محمد بن راشد آل مكتوم"", ""حمدان بن محمد بن راشد آل مكتوم"", ""خليفة بن زايد آل نهيان"", ""زايد بن سلطان آل نهيان""]","[""أراضي_إماراتية""]","[""الإمارات ودبي"", ""القيادة والزعماء"", ""المجد والعز""]",['الله'],"[""فخر""]",['معاصر']
300,[],"[""أماكن_مجردة""]","[""الوفاء والصبر"", ""الفراق والهجر"", ""الألم والحزن""]",['العبادة'],"[""غضب"", ""حزن"", ""حب""]",['معاصر']
301,"[""عليا""]",[],"[""الوفاء والصبر"", ""الشعر والإبداع"", ""الصداقة والكرم""]",[],"[""فخر""]",['معاصر']
302,"[""الذات""]","[""أراضي_إماراتية""]","[""الإمارات ودبي"", ""حب الوطن"", ""الشعر والإبداع""]",[],"[""حب""]",['معاصر']
303,"[""محمد بن راشد آل مكتوم"", ""محمد بن زايد آل نهيان""]","[""أراضي_إماراتية""]","[""المجد والعز"", ""القيادة والزعماء"", ""الطبيعة والخيل""]",['الله'],"[""فخر""]",['معاصر']
304,"[""الذات"", ""الحبيب""]","[""أماكن_مجردة"", ""مواقع_نبطية""]","[""الوفاء والصبر"", ""الفراق والهجر"", ""الحب والغزل""]",['الله'],"[""شوق"", ""حزن"", ""تأمل""]",['معاصر']
305,[],"[""طبيعة_عامة"", ""أراضي_إماراتية""]","[""المجد والعز"", ""الطبيعة والخيل"", ""الألم والحزن""]",[],"[""فخر"", ""حنين""]",['معاصر']
306,"[""محمد بن راشد آل مكتوم""]","[""مدن_وأماكن_عربية""]","[""المجد والعز"", ""الإمارات ودبي"", ""حب الوطن""]",[],"[""فخر"", ""حب""]",['معاصر']
307,[],"[""أراضي_إماراتية""]","[""الوفاء والصبر"", ""الفراق والهجر"", ""الحب والغزل""]",['المفاهيم_الإيمانية'],"[""شوق"", ""حزن"", ""حب""]",['معاصر']
308,"[""حمدان بن محمد بن راشد آل مكتوم""]","[""أراضي_إماراتية""]","[""القيادة والزعماء"", ""الشعر والإبداع"", ""الشوق والحنين""]",['الله'],"[""شوق""]",['معاصر']
309,"[""الذات""]",[],"[""الوفاء والصبر"", ""الفراق والهجر"", ""الحب والغزل""]",['الله'],"[""شوق"", ""حب""]",['معاصر']
310,"[""الذات""]",[],"[""المجد والعز"", ""القيادة والزعماء"", ""الزمن والقدر""]",['الله'],"[""ندم"", ""فخر""]",['معاصر']
311,[],"[""أراضي_إماراتية""]","[""الوفاء والصبر"", ""الحب والغزل"", ""الغيرة والعتاب""]",[],"[""شوق"", ""حب""]",['معاصر']
312,"[""محمد بن راشد آل مكتوم"", ""راشد بن حمدان بن محمد آل مكتوم"", ""محمد بن زايد آل نهيان""]","[""أراضي_إماراتية""]","[""الإمارات ودبي"", ""القيادة والزعماء"", ""حب الوطن""]","['المناسبات_الدينية', 'الله']","[""فرح""]",['معاصر']
313,"[""الذات""]","[""مواقع_نبطية""]","[""الحب والغزل"", ""الجمال والعيون"", ""الشوق والحنين""]",[],"[""شوق"", ""فرح"", ""حب""]",['معاصر']
314,"[""الذات""]","[""أماكن_مجردة""]","[""الوفاء والصبر"", ""المجد والعز"", ""الذكريات""]",['الله'],"[""فخر"", ""حزن"", ""حنين""]",['معاصر']
315,"[""الذات"", ""الحبيب""]","[""طبيعة_عامة"", ""أراضي_إماراتية""]","[""الوفاء والصبر"", ""الفراق والهجر"", ""الحب والغزل""]",[],"[""شوق"", ""حزن"", ""حب""]",['معاصر']
316,[],[],"[""الشوق والحنين"", ""الفراق والهجر"", ""الألم والحزن""]",[],"[""شوق""]",['معاصر']
317,"[""هند بنت مكتوم بن جمعة آل مكتوم"", ""محمد بن راشد آل مكتوم"", ""الذات""]","[""مواقع_نبطية""]","[""المجد والعز"", ""الوفاء والصبر"", ""التراث النبطي""]","['الأنبياء', 'الله']","[""أمل"", ""فخر"", ""حزن""]",['معاصر']
318,"[""شيخة بنت حمدان بن محمد آل مكتوم"", ""راشد بن حمدان بن محمد آل مكتوم""]","[""طبيعة_عامة""]","[""المجد والعز"", ""الوفاء والصبر"", ""الحب والغزل""]",['الله'],"[""فخر"", ""شوق"", ""حب""]",['معاصر']
319,"[""الذات"", ""الحبيب""]",[],[],[],"[""حب""]",['معاصر']
320,"[""هيثم بن طارق"", ""محمد بن زايد آل نهيان""]","[""مدن_وأماكن_عربية""]","[""المجد والعز"", ""القيادة والزعماء"", ""حب الوطن""]",[],"[""فخر"", ""فرح"", ""حب""]",['معاصر']
321,"[""الذات"", ""الحبيب""]",[],"[""الحب والغزل"", ""الذكريات"", ""الشوق والحنين""]",[],"[""شوق"", ""حنين"", ""حب""]",['معاصر']
322,[],"[""مواقع_نبطية"", ""أراضي_إماراتية""]","[""الزمن والقدر"", ""الطبيعة والخيل""]",['الله'],[],['معاصر']
323,"[""حمدان بن محمد بن راشد آل مكتوم""]","[""أراضي_إماراتية"", ""أماكن_مجردة""]","[""الوفاء والصبر"", ""الذكريات"", ""الحب والغزل""]","['الأنبياء', 'الله']","[""صبر"", ""فخر"", ""حزن""]",['معاصر']
324,"[""محمد بن سلمان آل سعود"", ""تميم بن حمد آل ثاني""]",[],"[""المجد والعز""]",[],"[""فخر""]",['معاصر']
325,"[""فاطمة بنت مبارك الكتبي"", ""زايد بن سلطان آل نهيان""]","[""أراضي_إماراتية"", ""طبيعة_عامة""]","[""المجد والعز"", ""الوفاء والصبر"", ""الإمارات ودبي""]",[],"[""فخر""]",['معاصر']
326,"[""حمدان بن محمد بن راشد آل مكتوم"", ""الذات"", ""الحبيب""]","[""أراضي_إماراتية""]","[""الوفاء والصبر"", ""الحب والغزل"", ""الغيرة والعتاب""]","['الأماكن_المقدسة', 'الله']","[""حب""]",['معاصر']
327,"[""حمدان بن محمد بن راشد آل مكتوم""]",[],"[""المجد والعز"", ""القيادة والزعماء"", ""حب الوطن""]",[],"[""فخر""]",['معاصر']
328,"[""حمدان بن محمد بن راشد آل مكتوم""]","[""أماكن_مجردة""]","[""الفراق والهجر"", ""الغيرة والعتاب"", ""الشعر والإبداع""]",[],"[""فخر"", ""غيرة""]",['معاصر']
329,[],"[""أراضي_إماراتية""]","[""الحب والغزل"", ""الجمال والعيون""]",[],"[""فرح"", ""حب""]",['معاصر']
330,[],[],"[""المجد والعز"", ""التراث النبطي"", ""الطموح والنجاح""]",[],"[""حب""]",['معاصر']
331,[],"[""أراضي_إماراتية""]","[""المجد والعز"", ""الوفاء والصبر"", ""الحب والغزل""]",[],"[""فخر""]",['معاصر']
332,[],"[""أماكن_مجردة""]","[""المجد والعز"", ""القيادة والزعماء"", ""الإيمان والدعاء""]","['الأنبياء', 'الله']","[""فخر""]",['كلاسيكي']
333,[],"[""أراضي_إماراتية""]","[""الذكريات"", ""الفراق والهجر"", ""الحب والغزل""]",['الله'],"[""حزن"", ""حنين"", ""حب""]",['معاصر']
334,"[""الذات""]","[""أماكن_مجردة""]","[""الشعر والإبداع"", ""الشوق والحنين"", ""الألم والحزن""]",[],"[""شوق""]",['معاصر']
335,"[""حمدان بن محمد بن راشد آل مكتوم""]","[""معالم_إماراتية""]","[""المجد والعز"", ""القيادة والزعماء"", ""الحب والغزل""]",[],"[""أمل"", ""فخر""]",['معاصر']
336,[],"[""أراضي_إماراتية""]","[""المجد والعز"", ""الوفاء والصبر"", ""الإمارات ودبي""]",[],"[""فخر""]",['معاصر']
337,"[""الذات"", ""الحبيب""]",[],"[""الطموح والنجاح"", ""الحب والغزل"", ""الشوق والحنين""]",[],"[""حب""]",['معاصر']
338,"[""الذات""]","[""أراضي_إماراتية""]","[""الزمن والقدر"", ""الطموح والنجاح""]",[],"[""حكمة"", ""أمل""]",['معاصر']
339,[],[],"[""المجد والعز"", ""الوفاء والصبر"", ""التراث النبطي""]",[],"[""حكمة"", ""فخر""]",['كلاسيكي']
340,"[""راشد بن حمدان بن محمد آل مكتوم""]","[""مواقع_نبطية"", ""أماكن_مجردة""]","[""المجد والعز"", ""الوفاء والصبر"", ""الذكريات""]","['العبادة', 'المناسبات_الدينية']","[""فخر"", ""حنين"", ""حزن""]",['معاصر']
341,"[""محمد بن زايد آل نهيان""]","[""أراضي_إماراتية"", ""مدن_وأماكن_عربية""]","[""المجد والعز"", ""القيادة والزعماء"", ""الإمارات ودبي""]","['المناسبات_الدينية', 'الله']","[""أمل"", ""فخر""]",['معاصر']
342,"[""الذات""]","[""أراضي_إماراتية"", ""مواقع_نبطية""]","[""الذكريات"", ""الفراق والهجر"", ""الزمن والقدر""]",[],"[""خوف"", ""شوق"", ""حزن""]",['معاصر']
343,"[""الذات""]","[""مواقع_اجتماعية""]","[""الحب والغزل"", ""الجمال والعيون"", ""الزمن والقدر""]",[],"[""حب""]",['معاصر']
344,[],"[""أراضي_إماراتية""]","[""التراث النبطي"", ""الطبيعة والخيل""]",['الله'],"[""فخر"", ""حب""]",['معاصر']
345,"[""الذات""]","[""طبيعة_عامة""]","[""الفراق والهجر"", ""الحب والغزل"", ""حب الوطن""]",[],"[""فرح"", ""حب""]",['معاصر']
346,"[""الذات""]","[""أماكن_مجردة""]","[""الوفاء والصبر"", ""الحب والغزل"", ""حب الوطن""]",['الله'],"[""شوق"", ""حزن""]",['معاصر']
347,"[""محمد بن راشد آل مكتوم""]","[""أراضي_إماراتية""]","[""المجد والعز"", ""القيادة والزعماء"", ""التراث النبطي""]",[],"[""حب""]",['معاصر']
348,"[""محمد بن زايد آل نهيان""]","[""أراضي_إماراتية""]","[""المجد والعز"", ""القيادة والزعماء"", ""حب الوطن""]","['المفاهيم_الإيمانية', 'الله']","[""أمل"", ""فخر""]",['معاصر']
349,"[""مشعل الأحمد الجابر الصباح"", ""محمد بن راشد آل مكتوم"", ""حمدان بن محمد بن راشد آل مكتوم"", ""زايد بن سلطان آل نهيان""]","[""أراضي_إماراتية""]","[""القيادة والزعماء"", ""الشعر والإبداع""]",[],"[""فخر""]",['معاصر']
350,"[""محمد بن راشد آل مكتوم"", ""حمدان بن محمد بن راشد آل مكتوم""]","[""أماكن_مجردة""]","[""الوفاء والصبر"", ""المجد والعز"", ""التراث النبطي""]",[],"[""فخر"", ""حب""]",['معاصر']
351,"[""حمدان بن محمد بن راشد آل مكتوم""]","[""أراضي_إماراتية""]","[""الوفاء والصبر"", ""المجد والعز"", ""التراث النبطي""]",[],"[""فخر"", ""حنين""]",['معاصر']
352,"[""محمد بن راشد آل مكتوم"", ""الذات"", ""هند بنت مكتوم بن جمعة آل مكتوم"", ""حمدان بن محمد بن راشد آل مكتوم"", ""زايد بن سلطان آل نهيان""]","[""أراضي_إماراتية""]","[""المجد والعز"", ""الوفاء والصبر"", ""الحب والغزل""]",[],"[""أمل"", ""فخر"", ""شوق""]",['معاصر']
